{
  "filename": "normal100k",
  "dataSize": 100000,
  "min": -6.160511648258447,
  "max": 7.404986958775068,
  "median": -0.007658395872669905,
  "average": 0.002452206426446839,
  "normality": true
}