"[poisson 8.0, normal 2.0 3.0, uniform 5.0 3.0]"
7.0,1.5227850266697596,4.110205782787988
10.0,4.489558846705451,3.4250729821336297
7.0,-0.2868469288115256,4.247280225568582
7.0,-0.5741506518114008,4.278346812726222
5.0,3.2143636870809087,4.675581567432678
13.0,-0.5704960034289357,3.0944203228505747
9.0,3.8761419744458627,3.7821869536210833
6.0,1.0918874426148766,4.461054271605853
10.0,1.2170788436085567,3.373304674977981
7.0,0.6512182917026166,4.303340526494611
