{"RandomData": [
{"name":"FirstVariable","mean":0.002630116209557812,"median":0.0024983606073279464,"min":-4.183560390820219,"max":4.348643946039624},
{"name":"SecondVariable","mean":9.998653732173151,"median":10.002506459267765,"min":6.086017290040145,"max":14.83465754496583},
{"name":"ThirdVariable","mean":0.006222635458713521,"median":0.00512424258243982,"min":-4.999966983480544,"max":4.999842148472064},
{"name":"FourthVariable","mean":4.9927,"median":5.0,"min":0.0,"max":17.0}
]}