Standard Normal Distribution,Uniform
-1.3249796634916848,1.8913321134940162
-1.6715681092456578,1.0353729594044354
1.7287213425965253,1.7133216986667918
-0.4558917273647059,1.6260730272634827
1.498293661948247,1.4538003943570081
-0.7736405164173552,1.4476693893594503
0.1801199013396131,1.6077376741821099
0.937104789004195,1.4530320121865956
1.3880587189238673,1.2995499989923576
-0.3096271144638229,1.1795222312253988
