Standard Normal Distribution,Uniform,Poisson,Another Standard Normal
0.5599013710232481,1.446237352721487,3,1.7013197455739537
